delta_theta_quarter,R2_0.6666666666666666,R2_0.5,R2_0.25
0.0,30.321269916058164,21.183763721862555,10.029485676798119
0.0031478884304506943,30.32113742210416,21.183732175607503,10.029483089349666
0.006295776860901389,30.32073998084519,21.183637540746695,10.029475327142498
0.009443665291352083,30.320077714049155,21.1834798289918,10.02946239059112
0.012591553721802777,30.319150824525607,21.18325905985769,10.029444280386343
0.015739442152253473,30.317959595920417,21.18297526065563,10.029420997495212
0.018887330582704167,30.31650439242917,21.182628466483713,10.029392543160919
0.02203521901315486,30.31478565842965,21.18221872021456,10.02935891890268
0.025183107443605555,30.312803918034327,21.181746072480358,10.0293201265156
0.02833099587405625,30.31055977456385,21.18121058165513,10.02927616807051
0.031478884304506946,30.308053909942675,21.180612313834416,10.029227045913762
0.034626772734957637,30.305287084018104,21.179951342812178,10.029172762667026
0.037774661165408334,30.302260133804314,21.17922775005514,10.029113321227037
0.040922549595859024,30.29897397265295,21.178441624674445,10.029048724765326
0.04407043802630972,30.295429589352047,21.177593063394703,10.028978976727934
0.04721832645676041,30.29162804715529,21.176682170520515,10.028904080835087
0.05036621488721111,30.287570482743565,21.175709057900303,10.028824041080846
0.05351410331766181,30.28325810512112,21.174673844887764,10.02873886173275
0.0566619917481125,30.278692194448503,21.173576658300696,10.028648547331407
0.059809880178563195,30.27387410081484,21.172417632377403,10.028553102690083
0.06295776860901389,30.268805242951835,21.171196908730636,10.028452532894258
0.06610565703946458,30.263487106892256,21.169914636299147,10.02834684330115
0.06925354546991527,30.25792124457543,21.168570971296862,10.02823603953922
0.07240143390036596,30.252109272402738,21.16716607715968,10.028120127507654
0.07554932233081667,30.246052869745718,21.16570012449006,10.027999113375827
0.07869721076126736,30.239753777409888,21.164173290999248,10.027873003582723
0.08184509919171805,30.233213796057044,21.16258576144738,10.027741804836348
0.08499298762216875,30.22643478458918,21.16093772758136,10.02760552411311
0.08814087605261944,30.21941865849694,21.159229388070635,10.027464168657175
0.09128876448307013,30.21216738817562,21.157460948440878,10.027317745979815
0.09443665291352082,30.204682997211805,21.155632621005658,10.027166263858696
0.09758454134397153,30.19696756064373,21.15374462479609,10.027009730337188
0.10073242977442222,30.189023203198246,21.15179718548859,10.026848153723611
0.10388031820487291,30.180852097507525,21.149790535330734,10.026681542590484
0.10702820663532361,30.172456462308496,21.147724913065268,10.026509905773741
0.1101760950657743,30.16383856062788,21.145600563852362,10.026333252371916
0.113323983496225,30.155000697955828,21.143417739190124,10.02615159174532
0.11647187192667569,30.145945220411036,21.141176696833433,10.025964933515187
0.11961976035712639,30.13667451290008,21.138877700711216,10.0257732875628
0.12276764878757708,30.127190997273793,21.13652102084206,10.025576664028584
0.12591553721802778,30.11749713048339,21.134106933248425,10.025375073311196
0.12906342564847847,30.107595402738923,21.131635719869344,10.025168526066583
0.13221131407892917,30.097488335672608,21.129107668471757,10.024957033206993
0.13535920250937986,30.087178480509557,21.12652307256053,10.024740605900028
0.13850709093983055,30.07666841624826,21.123882231287155,10.0245192555676
0.14165497937028124,30.065960747853055,21.121185449357284,10.024292993884917
0.14480286780073193,30.055058104460905,21.118433036937088,10.024061832779424
0.14795075623118265,30.04396313760453,21.115625309558503,10.023825784429748
0.15109864466163334,30.032678519453857,21.11276258802349,10.023584861264577
0.15424653309208403,30.021206941077843,21.109845198307266,10.023339075961568
0.15739442152253472,30.009551110728342,21.10687347146063,10.023088441446196
0.1605423099529854,29.99771375214784,21.103847743511448,10.022832970890615
0.1636901983834361,29.985697602902583,21.10076835536534,10.022572677712464
0.1668380868138868,29.97350541274269,21.09763565270558,10.022307575573688
0.1699859752443375,29.961139941990627,21.0944499858924,10.02203767837931
0.1731338636747882,29.94860395995932,21.091211709861575,10.021763000276202
0.1762817521052389,29.935900243401214,21.087921184022512,10.021483555651841
0.17942964053568958,29.92303157498921,21.084578772155815,10.02119935913301
0.18257752896614027,29.910000741830707,21.0811848423104,10.020910425584535
0.18572541739659096,29.896810534015533,21.077739766700184,10.020616770107956
0.18887330582704165,29.883463743198526,21.074243921600512,10.0203184080402
0.19202119425749237,29.869963161217672,21.070697687244234,10.020015354952248
0.19516908268794306,29.85631157874826,21.067101447717597,10.019707626647751
0.19831697111839375,29.8425117839937,21.063455590855952,10.01939523916166
0.20146485954884444,29.828566561413425,21.05976050813936,10.01907820875882
0.20461274797929513,29.81447869048822,21.056016594588105,10.018756551932569
0.20776063640974582,29.800250944523373,21.05222424865824,10.018430285403266
0.2109085248401965,29.785886089489736,21.048383872137148,10.01809942611689
0.21405641327064723,29.771386882902924,21.044495870039185,10.017763991243534
0.21720430170109792,29.75675607274073,21.040560650501497,10.01742399817594
0.2203521901315486,29.74199639639864,21.03657862468002,10.017079464527997
0.2235000785619993,29.727110579683576,21.032550206645674,10.016730408133226
0.22664796699245,29.712101335845496,21.028475813280938,10.016376847043244
0.22979585542290068,29.69697136464696,21.02435586417664,10.01601879952623
0.23294374385335137,29.681723351470097,21.020190781529262,10.015656284065361
0.2360916322838021,29.66635996646096,21.015980990038514,10.015289319357228
0.23923952071425278,29.65088386371075,21.011726916805507,10.01491792431026
0.24238740914470347,29.6352976804736,21.00742899123136,10.014542118043114
0.24553529757515416,29.61960403642042,21.00308764491638,10.01416191988306
0.24868318600560485,29.603805532928455,20.998703311559815,10.013777349364348
0.25183107443605557,29.58790475240584,20.994276426860253,10.013388426226571
0.25497896286650623,29.571904257650846,20.989807428416654,10.012995170413
0.25812685129695695,29.55580659124505,20.985296755630152,10.012597602068919
0.2612747397274076,29.539614274979957,20.98074484960649,10.012195741539946
0.26442262815785833,29.523329809316312,20.976152153059324,10.011789609370332
0.267570516588309,29.506955672875637,20.97151911021425,10.01137922630126
0.2707184050187597,29.49049432196307,20.966846166713736,10.01096461326913
0.27386629344921043,29.47394819012111,20.96213376952287,10.010545791403821
0.2770141818796611,29.457319687713266,20.957382366836022,10.010122782026958
0.2801620703101118,29.440611201537124,20.952592407984433,10.009695606650165
0.2833099587405625,29.423825094465958,20.94776434334473,10.009264286973295
0.2864578471710132,29.40696370511825,20.942898624248464,10.00882884488266
0.28960573560146385,29.390029347554222,20.9379957028926,10.008389302449253
0.29275362403191457,29.37302431099882,20.933056032251056,10.00794568192696
0.2959015124623653,29.355950859590237,20.928080065987302,10.007498005750755
0.29904940089281595,29.33881123215329,20.923068258367998,10.007046296534888
0.30219728932326667,29.321607641996895,20.918021064177733,10.006590577071066
0.30534517775371733,29.304342276734843,20.912938938634888,10.006130870326636
0.30849306618416805,29.287017298129122,20.907822337308605,10.00566719944274
0.3116409546146187,29.26963484195513,20.9026717160369,10.005199587732477
0.31478884304506943,29.252197017887887,20.89748753084595,10.004728058679046
0.31793673147552015,29.234705909408632,20.89227023787054,10.004252635933891
0.3210846199059708,29.217163573730943,20.887020293275704,10.003773343314842
0.32423250833642153,29.199572041745853,20.88173815317955,10.00329020480423
0.3273803967668722,29.181933317985006,20.876424273577335,10.00280324454701
0.3305282851973229,29.16424938060137,20.8710791102667,10.002312486848894
0.3336761736277736,29.146522181366592,20.865703118774217,10.001817956174424
0.3368240620582243,29.128753645684544,20.860296754283098,10.001319677145114
0.339971950488675,29.110945672620247,20.85486047156219,10.000817674537517
0.3431198389191257,29.093100134943473,20.849394724896246,10.000311973281331
0.3462677273495764,29.075218879186522,20.843899968017382,9.999802598457485
0.34941561578002706,29.05730372571545,20.83837665403791,9.999289575296212
0.3525635042104778,29.0393564688141,20.83282523538432,9.998772929175143
0.35571139264092844,29.02137887678043,20.827246163732624,9.998252685617366
0.35885928107137915,29.003372692034468,20.82163988994494,9.997728870289496
0.3620071695018299,28.98533963123733,20.816006864007345,9.997201508999753
0.36515505793228054,28.967281385420737,20.81034753496902,9.996670627696014
0.36830294636273125,28.949199620126564,20.804662350882662,9.996136252463874
0.3714508347931819,28.931095975555692,20.798951758746178,9.995598409524705
0.37459872322363263,28.912972066725914,20.79321620444565,9.99505712523371
0.3777466116540833,28.894829483638112,20.787456132699578,9.99451242607797
0.380894500084534,28.876669791450468,20.781671987004366,9.993964338674502
0.38404238851498473,28.85849453066001,20.775864209581123,9.993412889768297
0.3871902769454354,28.840305217291235,20.77003324132366,9.99285810623037
0.3903381653758861,28.822103343091186,20.76417952174781,9.992300015055815
0.3934860538063368,28.80389037573071,20.758303488941937,9.991738643361824
0.3966339422367875,28.785667759011346,20.752405579518737,9.991174018385763
0.39978183066723816,28.767436913077525,20.746486228568244,9.99060616748318
0.4029297190976889,28.749199234633682,20.74054586961209,9.990035118125874
0.4060776075281396,28.73095609716586,20.73458493455897,9.989460897899924
0.40922549595859026,28.71270885116747,20.728603853661312,9.988883534503735
0.412373384389041,28.694458824368958,20.722603055473183,9.988303055746075
0.41552127281949164,28.67620732197077,20.716582966809383,9.987719489544126
0.41866916124994236,28.65795562687967,20.710544012705693,9.987132863921524
0.421817049680393,28.639704999947753,20.70448661638033,9.986543207006402
0.42496493811084374,28.621456680214095,20.69841119919658,9.985950547029443
0.42811282654129446,28.603211885148596,20.692318180626533,9.985354912321924
0.4312607149717451,28.584971810897905,20.686207978216025,9.984756331313758
0.43440860340219584,28.566737632532952,20.680081007550662,9.984154832531562
0.4375564918326465,28.548510504298054,20.67393768222299,9.983550444596698
0.4407043802630972,28.530291559861187,20.667778413800775,9.982943196223337
0.4438522686935479,28.5120819125653,20.661603611796366,9.98233311621651
0.4470001571239986,28.49388265568041,20.655413683637125,9.981720233470181
0.4501480455544493,28.47569486265622,20.64920903463699,9.981104576965304
0.4532959339849,28.457519587375195,20.64299006796901,9.98048617576789
0.4564438224153507,28.439357864405743,20.636757184638988,9.97986505902709
0.45959171084580136,28.42121070925545,20.630510783460128,9.979241255973253
0.4627395992762521,28.403079118624113,20.624251261028697,9.978614795916023
0.46588748770670274,28.38496407065644,20.61797901170069,9.977985708242421
0.46903537613715346,28.3668665251943,20.611694427569496,9.977354022414913
0.4721832645676042,28.348787424028274,20.6053978984445,9.976719767969527
0.47533115299805484,28.33072769114846,20.599089811830716,9.976082974513936
0.47847904142850556,28.312688232994397,20.59277055290927,9.975443671725571
0.4816269298589562,28.294669938703898,20.58644050451888,9.97480188934971
0.48477481828940694,28.276673680360773,20.580100047138263,9.974157657197614
0.4879227067198576,28.258700313241253,20.57374955886936,9.973511005144623
0.4910705951503083,28.24075067605911,20.56738941542153,9.972861963128299
0.49421848358075904,28.222825591209247,20.56101999009658,9.972210561146536
0.4973663720112097,28.20492586500975,20.554641653774652,9.971556829255714
0.5005142604416604,28.18705228794231,20.548254774900954,9.970900797568824
0.5036621488721111,28.169205634890933,20.541859719473322,9.97024249625363
0.5068100373025618,28.151386665378784,20.53545685103056,9.96958195553081
0.5099579257330125,28.133596123803276,20.529046530641658,9.968919205672126
0.5131058141634631,28.1158347396691,20.522629116895672,9.968254276998596
0.5162537025939139,28.098103227819365,20.5162049658925,9.96758719987865
0.5194015910243646,28.0804022886646,20.509774431234284,9.966918004726335
0.5225494794548152,28.06273260840975,20.503337864017645,9.966246721999482
0.525697367885266,28.045094859278926,20.496895612826616,9.96557338219792
0.5288452563157167,28.02748969973806,20.49044802372623,9.964898015861673
0.5319931447461673,28.009917774715237,20.483995440256876,9.964220653569168
0.535141033176618,27.992379715818835,20.47753820342928,9.963541325935461
0.5382889216070688,27.97487614155333,20.47107665172017,9.962860063610462
0.5414368100375194,27.957407657532816,20.46461112106862,9.962176897277168
0.5445846984679701,27.93997485669209,20.45814194487293,9.961491857649916
0.5477325868984209,27.922578319495457,20.451669453988266,9.960804975472618
0.5508804753288715,27.90521861414311,20.445193976724788,9.960116281517042
0.5540283637593222,27.887896296775068,20.438715838846445,9.95942580658107
0.5571762521897728,27.870611911672743,20.4322353635703,9.958733581486971
0.5603241406202236,27.85336599145804,20.42575287156646,9.958039637079708
0.5634720290506743,27.836159057290036,20.41926868095853,9.957344004225206
0.566619917481125,27.818991619059165,20.41278310732462,9.956646713808682
0.5697678059115757,27.801864175579006,20.406296463698865,9.955947796732948
0.5729156943420264,27.78477721477562,20.399809060573475,9.955247283916735
0.576063582772477,27.767731213874317,20.393321205901255,9.954545206293027
0.5792114712029277,27.750726639584133,20.38683320509866,9.9538415948074
0.5823593596333785,27.733763948279734,20.38034536104925,9.953136480416383
0.5855072480638291,27.71684358618089,20.37385797410768,9.952429894085814
0.5886551364942798,27.699965989529566,20.367371342104086,9.95172186678921
0.5918030249247306,27.683131584764528,20.36088576034893,9.951012429506148
0.5949509133551812,27.666340788693503,20.354401521638266,9.950301613220665
0.5980988017856319,27.64959400866301,20.347918916259438,9.949589448919653
0.6012466902160826,27.632891642725674,20.341438231997095,9.948875967591263
0.6043945786465333,27.61623407980528,20.33495975413973,9.94816120022335
0.607542467076984,27.599621699859277,20.32848376548647,9.947445177801875
0.6106903555074347,27.583054874039153,20.322010546354292,9.946727931309379
0.6138382439378854,27.56653396484822,20.3155403745856,9.946009491723405
0.6169861323683361,27.550059326297237,20.309073525556116,9.94528989001499
0.6201340207987868,27.533631304057664,20.302610272183117,9.944569157147122
0.6232819092292374,27.517250235612597,20.296150884934,9.943847324073221
0.6264297976596882,27.500916450405477,20.289695631835144,9.943124421735657
0.6295776860901389,27.48463026998653,20.283244778481098,9.942400481064235
0.6327255745205895,27.46839200815692,20.276798588044027,9.941675532974717
0.6358734629510403,27.45220197111076,20.270357321283456,9.940949608367356
0.639021351381491,27.436060457574875,20.263921236556293,9.940222738125431
0.6421692398119416,27.41996775894645,20.257490589827114,9.939494953113797
0.6453171282423923,27.403924159428428,20.251065634678685,9.93876628417745
0.6484650166728431,27.387929936162905,20.24464662232272,9.938036762140086
0.6516129051032937,27.3719853593623,20.238233801610914,9.937306417802708
0.6547607935337444,27.356090692438528,20.231827419046162,9.936575281942192
0.6579086819641952,27.34024619213009,20.225427718794002,9.93584338530992
0.6610565703946458,27.32445210862709,20.219034942694293,9.93511075863037
0.6642044588250965,27.308708685694263,20.212649330273045,9.934377432599776
0.6673523472555472,27.293016160792057,20.20627111875448,9.933643437884728
0.6705002356859979,27.277374765195674,20.199900543073262,9.932908805120864
0.6736481241164486,27.26178472411222,20.193537835886904,9.932173564911496
0.6767960125468993,27.246246256795935,20.187183227588328,9.931437747826314
0.67994390097735,27.230759576661473,20.18083694631862,9.930701384400045
0.6830917894078007,27.215324891395444,20.17449921797989,9.929964505131165
0.6862396778382513,27.199942403065933,20.16817026624831,9.929227140480606
0.689387566268702,27.184612308230363,20.161850312587298,9.92848932087047
0.6925354546991528,27.16933479804144,20.15553957626079,9.927751076682755
0.6956833431296034,27.15411005835145,20.14923827434668,9.927012438258114
0.6988312315600541,27.138938269814634,20.142946621750358,9.92627343589459
0.7019791199905049,27.12381960798804,20.13666483121835,9.925534099846393
0.7051270084209555,27.108754243430525,20.130393113352092,9.924794460322673
0.7082748968514062,27.09374234180016,20.12413167662175,9.924054547486307
0.7114227852818569,27.07878406394994,20.117880727380218,9.9233143914527
0.7145706737123076,27.06387956602187,20.111640469877102,9.922574022288595
0.7177185621427583,27.04902899953953,20.105411106272836,9.921833470010897
0.720866450573209,27.034232511498892,20.099192836652904,9.921092764585508
0.7240143390036597,27.019490244457764,20.092985859042063,9.920351935926167
0.7271622274341104,27.00480233662355,20.086790369418665,9.919611013893315
0.7303101158645611,26.990168921939613,20.080606561729066,9.918870028292961
0.7334580042950117,26.97559013017005,20.074434627902008,9.918129008875553
0.7366058927254625,26.961066086983074,20.068274757863136,9.917387985334887
0.7397537811559132,26.946596914032938,20.06212713954951,9.916646987306994
0.7429016695863638,26.932182729040363,20.055991958924164,9.91590604436906
0.7460495580168146,26.917823645871728,20.04986939999071,9.915165186038356
0.7491974464472653,26.903519774616697,20.04375964480795,9.914424441771171
0.7523453348777159,26.889271221664593,20.037662873504534,9.91368384096176
0.7554932233081666,26.875078089779453,20.031579264293644,9.912943412941297
0.7586411117386174,26.860940478173706,20.025508993487662,9.912203186976868
0.761789000169068,26.846858482580576,20.019452235512873,9.911463192270428
0.7649368885995187,26.832832195325246,20.0134091629242,9.910723457957811
0.7680847770299695,26.818861705394745,20.007379946419878,9.909984013107728
0.7712326654604201,26.80494709850658,20.00136475485622,9.909244886720781
0.7743805538908708,26.791088457176205,19.995363755262265,9.9085061077285
0.7775284423213215,26.777285860783273,19.989377112854562,9.907767704992374
0.7806763307517722,26.76353938563669,19.983404991051813,9.907029707302897
0.7838242191822229,26.749849105038557,19.977447551489576,9.906292143378638
0.7869721076126736,26.736215089346985,19.97150495403494,9.905555041865307
0.7901199960431243,26.722637406037713,19.965577356801184,9.904818431334835
0.793267884473575,26.709116119764747,19.959664916162367,9.904082340284482
0.7964157729040257,26.695651292419804,19.953767786767997,9.903346797135912
0.7995636613344763,26.682242983190797,19.947886121557545,9.902611830234342
0.8027115497649271,26.668891248619197,19.94202007177504,9.901877467847646
0.8058594381953778,26.655596142656407,19.936169786983555,9.901143738165501
0.8090073266258284,26.64235771671914,19.930335415079696,9.900410669298529
0.8121552150562792,26.629176019743767,19.924517102308045,9.899678289277464
0.8153031034867299,26.6160510982397,19.918714993275557,9.898946626052304
0.8184509919171805,26.602982996341883,19.912929230965904,9.898215707491516
0.8215988803476312,26.5899717558622,19.907159956753823,9.897485561381206
0.824746768778082,26.577017416340134,19.901407310419344,9.896756215424322
0.8278946572085326,26.56412001509236,19.895671430162032,9.89602769723987
0.8310425456389833,26.551279587261522,19.88995245261514,9.895300034362133
0.834190434069434,26.53849616586415,19.884250512859737,9.894573254239912
0.8373383224998847,26.525769781837642,19.87856574443873,9.893847384235748
0.8404862109303354,26.513100464086456,19.87289827937091,9.89312245162519
0.843634099360786,26.50048823952746,19.867248248164863,9.892398483596056
0.8467819877912368,26.48793313313442,19.861615779832867,9.891675507247692
0.8499298762216875,26.475435167981736,19.8560010019047,9.890953549590279
0.8530777646521381,26.462994365287365,19.85040404044142,9.890232637544099
0.8562256530825889,26.450610744454977,19.844825020049022,9.889512797938858
0.8593735415130396,26.438284323115287,19.839264063892116,9.888794057512987
0.8625214299434902,26.42601511716675,19.833721293707427,9.888076442912963
0.8656693183739409,26.41380314081542,19.828196829817333,9.887359980692649
0.8688172068043917,26.401648406614118,19.822690791143255,9.886644697312631
0.8719650952348423,26.389550925500902,19.817203295219034,9.88593061913957
0.875112983665293,26.377510706836816,19.811734458204178,9.88521777244556
0.8782608720957438,26.365527758442983,19.80628439489709,9.8845061834075
0.8814087605261944,26.353602086636972,19.800853218748188,9.883795878106477
0.8845566489566451,26.34173369626855,19.795441041872955,9.883086882527149
0.8877045373870958,26.329922590754766,19.790047975064926,9.882379222557145
0.8908524258175465,26.318168772114404,19.784674127808582,9.881672923986475
0.8940003142479972,26.306472241001774,19.779319608292184,9.880968012506944
0.8971482026784479,26.294832996739935,19.773984523420495,9.880264513711584
0.9002960911088986,26.283251037353285,19.768668978827463,9.879562453094078
0.9034439795393493,26.271726359599555,19.76337307888882,9.878861856048207
0.9065918679698,26.260258959001224,19.758096926734535,9.878162747867314
0.9097397564002506,26.24884882987636,19.75284062426129,9.877465153743746
0.9128876448307014,26.237495965368907,19.747604272144798,9.876769098768339
0.9160355332611521,26.226200357478405,19.742387969852047,9.876074607929898
0.9191834216916027,26.21496199708914,19.737191815653507,9.875381706114668
0.9223313101220535,26.203780873998845,19.732015906635183,9.874690418105846
0.9254791985525042,26.192656976946786,19.72686033871066,9.874000768583084
0.9286270869829548,26.181590293641353,19.72172520663301,9.873312782121987
0.9317749754134055,26.170580810787214,19.716610604006597,9.872626483193656
0.9349228638438563,26.159628514111862,19.71151662329889,9.871941896164198
0.9380707522743069,26.148733388391776,19.7064433558521,9.871259045294284
0.9412186407047576,26.137895417478028,19.701390891894754,9.870577954738668
0.9443665291352084,26.127114584321475,19.696359320553192,9.869898648545762
0.947514417565659,26.11639087099744,19.691348729863,9.869221150657195
0.9506623059961097,26.105724258729982,19.686359206780317,9.868545484907372
0.9538101944265603,26.095114727915707,19.681390837193064,9.867871675023064
0.9569580828570111,26.08456225814712,19.676443705932115,9.86719974462298
0.9601059712874618,26.074066828235573,19.671517896782333,9.866529717217372
0.9632538597179124,26.063628416233787,19.66661349249359,9.865861616207628
0.9664017481483632,26.05324699945796,19.66173057479161,9.865195464885886
0.9695496365788139,26.042922554509467,19.656869224388792,9.864531286434639
0.9726975250092645,26.03265505729614,19.65202952099495,9.863869103926369
0.9758454134397152,26.0224444830532,19.6472115433279,9.86320894032317
0.978993301870166,26.012290806363755,19.64241536912403,9.86255081847639
0.9821411903006166,26.002194001178985,19.63764107514875,9.861894761126264
0.9852890787310673,25.992154040837875,19.63288873720685,9.861240790901583
0.9884369671615181,25.98217089808664,19.628158430152812,9.860588930319343
0.9915848555919687,25.972244545097794,19.623450227900967,9.859939201784403
0.9947327440224194,25.96237495348882,19.61876420343564,9.859291627589172
0.9978806324528701,25.95256209434054,19.61410042882114,9.85864622991328
1.0010285208833207,25.942805938215173,19.609458975211716,9.85800303082326
1.0041764093137715,25.93310645517393,19.60483991286143,9.857362052272247
1.0073242977442223,25.923463614794485,19.600243311133866,9.856723316099679
1.0104721861746728,25.91387738618792,19.595669238511853,9.856086844030987
1.0136200746051236,25.904347738015495,19.591117762607052,9.85545265767733
1.0167679630355744,25.894874638505076,19.58658895016945,9.854820778535286
1.019915851466025,25.885458055467197,19.58208286709681,9.854191227986611
1.0230637398964757,25.876097956310936,19.577599578443973,9.85356402729793
1.0262116283269263,25.86679430805941,19.573139148432148,9.852939197620499
1.029359516757377,25.857547077364977,19.56870164045806,9.852316759989943
1.0325074051878278,25.848356230524274,19.56428711710306,9.851696735326005
1.0356552936182783,25.839221733492796,19.559895640142102,9.851079144432294
1.0388031820487291,25.83014355189939,19.555527270552673,9.850464007996049
1.04195107047918,25.821121651060327,19.55118206852364,9.849851346587908
1.0450989589096304,25.81215599599324,19.546860093463984,9.849241180661679
1.0482468473400812,25.803246551430693,19.542561404011504,9.84863353055411
1.051394735770532,25.794393281833567,19.538286058041365,9.84802841648468
1.0545426242009825,25.785596151404196,19.534034112674647,9.847425858555392
1.0576905126314333,25.776855124099235,19.52980562428674,9.846825876750541
1.060838401061884,25.76817016364228,19.52560064851572,9.84622849093655
1.0639862894923346,25.759541233536325,19.521419240270586,9.845633720861745
1.0671341779227854,25.75096829707586,19.517261453739458,9.845041586156174
1.070282066353236,25.742451317358903,19.51312734239771,9.844452106331428
1.0734299547836867,25.733990257298643,19.50901695901593,9.843865300780445
1.0765778432141375,25.725585079635014,19.504930355667952,9.843281188777357
1.079725731644588,25.717235746945974,19.500867583738646,9.842699789477294
1.0828736200750388,25.70894222165856,19.49682869393177,9.842121121916236
1.0860215085054896,25.70070446605981,19.492813736277654,9.841545205010844
1.0891693969359402,25.69252244230741,19.488822760140827,9.840972057558307
1.092317285366391,25.684396112440183,19.484855814227608,9.840401698236187
1.0954651737968417,25.676325438388353,19.480912946593556,9.839834145602275
1.0986130622272923,25.66831038198369,19.4769942046509,9.839269418094446
1.101760950657743,25.660350904969338,19.473099635175856,9.838707534030519
1.1049088390881938,25.652446969009596,19.469229284315894,9.838148511608129
1.1080567275186444,25.64459853569942,19.465383197596907,9.83759236890459
1.1112046159490951,25.636805566573788,19.46156141993032,9.837039123876771
1.1143525043795457,25.629068023116908,19.45776399562014,9.836488794360978
1.1175003928099965,25.6213858667712,19.45399096836989,9.835941398072833
1.1206482812404472,25.613759058946165,19.450242381289506,9.83539695260717
1.1237961696708978,25.60618756102703,19.446518276902168,9.834855475437902
1.1269440581013486,25.59867133438331,19.442818697151008,9.834316983917944
1.1300919465317993,25.59121034037714,19.439143683405803,9.833781495279094
1.13323983496225,25.583804540371464,19.435493276469572,9.833249026631936
1.1363877233927007,25.576453895738126,19.4318675165851,9.832719594965752
1.1395356118231514,25.569158367865715,19.4282664434414,9.832193217148431
1.142683500253602,25.561917918167342,19.424690096180093,9.831669909926369
1.1458313886840528,25.55473250808825,19.421138513401736,9.8311496899244
1.1489792771145035,25.547602099113238,19.417611733172063,9.830632573645714
1.152127165544954,25.540526652774037,19.414109793028175,9.830118577471772
1.1552750539754049,25.533506130656423,19.410632729984655,9.829607717662237
1.1584229424058554,25.52654049440733,19.407180580539595,9.829100010354905
1.1615708308363062,25.51962970574172,19.4037533806806,9.828595471565638
1.164718719266757,25.512773726449396,19.400351165890683,9.828094117188293
1.1678666076972075,25.505972518401627,19.396973971154114,9.827595962994677
1.1710144961276583,25.4992260435577,19.393621830962203,9.82710102463446
1.174162384558109,25.49253426397135,19.390294779319014,9.826609317635159
1.1773102729885596,25.48589714179696,19.386992849747013,9.82612085740205
1.1804581614190104,25.479314639295854,19.383716075292654,9.82563565921814
1.1836060498494612,25.47278671884222,19.3804644885319,9.82515373824411
1.1867539382799117,25.466313342929148,19.37723812157568,9.824675109518282
1.1899018267103625,25.459894474174384,19.374037006075298,9.824199787956566
1.1930497151408133,25.453530075326086,19.37086117322773,9.823727788352425
1.1961976035712638,25.447220109268393,19.36771065378094,9.823259125376847
1.1993454920017146,25.440964539026943,19.36458547803904,9.822793813578294
1.2024933804321651,25.43476332777427,19.361485675867485,9.822331867382694
1.205641268862616,25.428616438835082,19.35841127669812,9.82187330109339
1.2087891572930667,25.422523835691425,19.35536230953423,9.821418128891132
1.2119370457235172,25.416485481987838,19.352338802955487,9.820966364834035
1.215084934153968,25.410501341536282,19.34934078512287,9.820518022857572
1.2182328225844188,25.40457137832107,19.346368283783505,9.820073116774548
1.2213807110148693,25.398695556503647,19.343421326275454,9.819631660275082
1.22452859944532,25.39287384042733,19.340499939532442,9.819193666926594
1.2276764878757709,25.3871061946219,19.337604150088545,9.818759150173785
1.2308243763062214,25.38139258380814,19.334733984082767,9.818328123338635
1.2339722647366722,25.375732972902284,19.33188946726364,9.81790059962039
1.237120153167123,25.370127327020374,19.32907062499369,9.817476592095542
1.2402680415975735,25.36457561148253,19.326277482253907,9.817056113717848
1.2434159300280243,25.359077791817136,19.323510063648115,9.8166391773183
1.2465638184584749,25.353633833764967,19.320768393407313,9.816225795605138
1.2497117068889256,25.348243703283188,19.318052495393943,9.815815981163844
1.2528595953193764,25.34290736654934,19.315362393106128,9.815409746457146
1.256007483749827,25.33762478996518,19.312698109681833,9.815007103825009
1.2591553721802777,25.332395940160502,19.310059667902976,9.81460806548466
1.2623032606107285,25.327220783996864,19.30744709019949,9.814212643530572
1.265451149041179,25.322099288571223,19.30486039865332,9.813820849934483
1.2685990374716298,25.317031421219504,19.30229961500243,9.813432696545396
1.2717469259020806,25.31201714952016,19.29976476064462,9.8130481950896
1.2748948143325312,25.307056441297537,19.29725585664146,9.812667357170673
1.278042702762982,25.30214926462532,19.29477292372202,9.812290194269485
1.2811905911934327,25.297295587829773,19.29231598228668,9.811916717744236
1.2843384796238833,25.29249537949304,19.289885052410774,9.811546938830439
1.287486368054334,25.28774860845626,19.287480153848264,9.811180868640966
1.2906342564847846,25.283055243822716,19.28510130603534,9.810818518166045
1.2937821449152354,25.27841525496088,19.282748528093943,9.810459898273278
1.2969300333456861,25.273828611507383,19.28042183883528,9.810105019707674
1.3000779217761367,25.269295283369964,19.27812125676327,9.809753893091653
1.3032258102065875,25.264815240730332,19.27584680007794,9.809406528925074
1.3063736986370382,25.26038845404695,19.273598486678758,9.809062937585255
1.3095215870674888,25.25601489405785,19.271376334167975,9.808723129326998
1.3126694754979396,25.251694531783265,19.26918035985384,9.808387114282606
1.3158173639283903,25.247427338528315,19.26701058075382,9.808054902461913
1.3189652523588409,25.243213285885567,19.26486701359776,9.807726503752303
1.3221131407892917,25.23905234573759,19.262749674831017,9.807401927918741
1.3252610292197424,25.234944490259437,19.260658580617466,9.807081184603792
1.328408917650193,25.230889691921053,19.2585937468426,9.806764283327656
1.3315568060806438,25.2268879234897,19.25655518911643,9.806451233488184
1.3347046945110943,25.22293915803224,19.254542922776462,9.80614204436092
1.337852582941545,25.219043368917443,19.25255696289056,9.805836725099113
1.3410004713719959,25.21520052981822,19.25059732425978,9.805535284733761
1.3441483598024464,25.211410614713806,19.248664021421177,9.80523773217363
1.3472962482328972,25.207673597891905,19.24675706865054,9.804944076205283
1.350444136663348,25.203989453950772,19.244876479965107,9.804654325493118
1.3535920250937985,25.200358157801283,19.24302226912622,9.804368488579392
1.3567399135242493,25.19677968466893,19.241194449641934,9.804086573884248
1.3598878019547,25.193254010095764,19.23939303476961,9.803808589705763
1.3630356903851506,25.189781109942366,19.237618037518416,9.803534544219952
1.3661835788156014,25.186360960389656,19.235869470651856,9.80326444548082
1.3693314672460521,25.182993537940796,19.234147346690172,9.802998301420391
1.3724793556765027,25.179678819422936,19.23245167791277,9.802736119848733
1.3756272441069535,25.17641678198899,19.230782476360577,9.802477908453989
1.378775132537404,25.173207403119353,19.22913975383836,9.802223674802416
1.3819230209678548,25.170050660623573,19.227523521917,9.801973426338419
1.3850709093983056,25.166946532641987,19.22593379193573,9.801727170384567
1.3882187978287561,25.163894997647333,19.224370575004322,9.80148491414164
1.391366686259207,25.160896034446296,19.22283388200526,9.801246664688659
1.3945145746896577,25.15794962218105,19.221323723595834,9.801012428982911
1.3976624631201082,25.155055740330752,19.219840110210228,9.800782213859991
1.400810351550559,25.152214368712983,19.218383052061526,9.800556026033822
1.4039582399810098,25.14942548748518,19.21695255914375,9.800333872096695
1.4071061284114603,25.14668907714603,19.215548641233767,9.800115758519299
1.410254016841911,25.144005118536796,19.214171307893224,9.799901691650753
1.4134019052723619,25.141373592842662,19.212820568470434,9.79969167771863
1.4165497937028124,25.138794481594022,19.21149643210218,9.799485722829003
1.4196976821332632,25.13626776666772,19.210198907715537,9.799283832966456
1.4228455705637137,25.13379343028828,19.208928004029623,9.799086013994136
1.4259934589941645,25.131371455029075,19.207683729557317,9.79889227165377
1.4291413474246153,25.12900182381353,19.206466092606927,9.798702611565691
1.4322892358550658,25.12668451991623,19.205275101283853,9.79851703922888
1.4354371242855166,25.124419526964004,19.20411076349218,9.79833556002099
1.4385850127159674,25.122206828937003,19.202973086936254,9.798158179198367
1.441732901146418,25.120046410169767,19.20186207912218,9.7979849018961
1.4448807895768687,25.117938255352204,19.200777747359364,9.797815733128024
1.4480286780073195,25.11588234953056,19.199720098761922,9.79765067778676
1.45117656643777,25.113878678108442,19.198689140250124,9.797489740643748
1.4543244548682208,25.111927226847655,19.19768487855177,9.797332926349261
1.4574723432986716,25.110027981869166,19.1967073202035,9.797180239432443
1.4606202317291221,25.10818092965394,19.195756471552162,9.797031684301324
1.463768120159573,25.106386057043807,19.19483233875603,9.796887265242859
1.4669160085900235,25.10464335124225,19.19393492778606,9.796746986422937
1.4700638970204742,25.102952799815235,19.193064244427077,9.796610851886422
1.473211785450925,25.101314390691947,19.192220294278957,9.79647886555716
1.4763596738813756,25.099728112165543,19.191403082757716,9.796351031238022
1.4795075623118263,25.098193952893855,19.190612615096633,9.796227352610906
1.4826554507422771,25.096711901900086,19.189848896347282,9.796107833236768
1.4858033391727277,25.09528194857348,19.189111931380573,9.79599247655566
1.4889512276031784,25.093904082669937,19.188401724887694,9.795881285886717
1.4920991160336292,25.09257829431266,19.187718281381102,9.795774264428207
1.4952470044640798,25.09130457399271,19.187061605195403,9.795671415257534
1.4983948928945305,25.09008291256962,19.186431700488253,9.79557274133127
1.5015427813249813,25.088913301271887,19.185828571241174,9.795478245485157
1.5046906697554319,25.087795731697504,19.18525222126037,9.795387930434138
1.5078385581858826,25.086730195814486,19.184702654177517,9.795301798772371
1.5109864466163332,25.085716685961295,19.184179873450454,9.795219852973245
1.514134335046784,25.084755194847325,19.18368388236393,9.79514209538939
1.5172822234772347,25.083845715553327,19.183214684030254,9.795068528252706
1.5204301119076853,25.08298824153176,19.18277228138992,9.794999153674354
1.523578000338136,25.082182766607254,19.182356677212205,9.794933973644797
1.5267258887685868,25.081429284976906,19.18196787409574,9.794872990033795
1.5298737771990374,25.080727791210627,19.18160587446905,9.794816204590418
1.5330216656294882,25.080078280251485,19.18127068059101,9.794763618943064
1.536169554059939,25.079480747415943,19.18096229455134,9.794715234599467
1.5393174424903895,25.07893518839419,19.180680718271013,9.794671052946704
1.5424653309208403,25.07844159925034,19.180425953502667,9.794631075251207
1.545613219351291,25.07799997642268,19.180198001830927,9.79459530265877
1.5487611077817416,25.077610316723867,19.17999686467276,9.794563736194561
1.5519089962121924,25.077272617341123,19.179822543277744,9.794536376763118
1.555056884642643,25.076986875836354,19.179675038728348,9.794513225148364
1.5582047730730937,25.076753090146354,19.179554351940112,9.794494282013613
1.5613526615035445,25.076571258582863,19.179460483661874,9.794479547901563
1.564500549933995,25.076441379832715,19.179393434475898,9.794469023234317
1.5676484383644458,25.076363452957853,19.179353204798012,9.79446270831337
1.5707963267948966,25.076337477395434,19.179339794877666,9.79446060331962
